{"cameraMode":{"drawMode":0,"name":"Shaded","section":"Shading Mode"},"sceneLighting":true,"audioPlay":false,"sceneViewState":{"showFog":true,"showMaterialUpdate":false,"showSkybox":true,"showFlares":true,"showImageEffects":true,"showParticleSystems":true,"showVisualEffectGraphs":true,"m_FxEnabled":true},"in2DMode":false,"pivot":{"x":-1.1277928352355958,"y":2.3213322162628176,"z":2.0142130851745607},"rotation":{"x":0.07313001900911331,"y":-0.12829719483852387,"z":0.009486165829002858,"w":0.9889934659004211},"size":2.8606629371643068,"orthographic":false}