{"cameraMode":{"drawMode":0,"name":"Shaded","section":"Shading Mode"},"sceneLighting":true,"audioPlay":false,"sceneViewState":{"showFog":true,"showMaterialUpdate":false,"showSkybox":true,"showFlares":true,"showImageEffects":true,"showParticleSystems":true,"showVisualEffectGraphs":true,"m_FxEnabled":true},"in2DMode":false,"pivot":{"x":0.26924076676368716,"y":2.0945353507995607,"z":5.089373588562012},"rotation":{"x":0.031395554542541507,"y":-0.1597360223531723,"z":0.005082080606371164,"w":0.9866505861282349},"size":0.5660253763198853,"orthographic":false}