{"cameraMode":{"drawMode":0,"name":"Shaded","section":"Shading Mode"},"sceneLighting":true,"audioPlay":false,"sceneViewState":{"showFog":true,"showMaterialUpdate":false,"showSkybox":true,"showFlares":true,"showImageEffects":true,"showParticleSystems":true,"showVisualEffectGraphs":true,"m_FxEnabled":true},"in2DMode":false,"pivot":{"x":0.28856778144836428,"y":0.19866681098937989,"z":-0.1165013313293457},"rotation":{"x":-0.015633264556527139,"y":0.9718505144119263,"z":-0.06746666878461838,"w":-0.2251947522163391},"size":1.942868947982788,"orthographic":false}